{
  "hash": "44833a9d",
  "configHash": "83e80f2b",
  "lockfileHash": "2411bff7",
  "browserHash": "77c95a49",
  "optimized": {
    "@angular/animations": {
      "src": "../../../../../../node_modules/@angular/animations/fesm2022/animations.mjs",
      "file": "@angular_animations.js",
      "fileHash": "4d381c68",
      "needsInterop": false
    },
    "@angular/common": {
      "src": "../../../../../../node_modules/@angular/common/fesm2022/common.mjs",
      "file": "@angular_common.js",
      "fileHash": "ec3e6e36",
      "needsInterop": false
    },
    "@angular/common/http": {
      "src": "../../../../../../node_modules/@angular/common/fesm2022/http.mjs",
      "file": "@angular_common_http.js",
      "fileHash": "9d2ce7c0",
      "needsInterop": false
    },
    "@angular/core": {
      "src": "../../../../../../node_modules/@angular/core/fesm2022/core.mjs",
      "file": "@angular_core.js",
      "fileHash": "1d9b83f6",
      "needsInterop": false
    },
    "@angular/forms": {
      "src": "../../../../../../node_modules/@angular/forms/fesm2022/forms.mjs",
      "file": "@angular_forms.js",
      "fileHash": "85d7452e",
      "needsInterop": false
    },
    "@angular/material/autocomplete": {
      "src": "../../../../../../node_modules/@angular/material/fesm2022/autocomplete.mjs",
      "file": "@angular_material_autocomplete.js",
      "fileHash": "37cd7bff",
      "needsInterop": false
    },
    "@angular/material/form-field": {
      "src": "../../../../../../node_modules/@angular/material/fesm2022/form-field.mjs",
      "file": "@angular_material_form-field.js",
      "fileHash": "f1fd63f0",
      "needsInterop": false
    },
    "@angular/platform-browser": {
      "src": "../../../../../../node_modules/@angular/platform-browser/fesm2022/platform-browser.mjs",
      "file": "@angular_platform-browser.js",
      "fileHash": "63441a76",
      "needsInterop": false
    },
    "@angular/platform-browser/animations/async": {
      "src": "../../../../../../node_modules/@angular/platform-browser/fesm2022/animations/async.mjs",
      "file": "@angular_platform-browser_animations_async.js",
      "fileHash": "30e599a4",
      "needsInterop": false
    },
    "@angular/platform-server": {
      "src": "../../../../../../node_modules/@angular/platform-server/fesm2022/platform-server.mjs",
      "file": "@angular_platform-server.js",
      "fileHash": "3f4e30a4",
      "needsInterop": false
    },
    "@angular/router": {
      "src": "../../../../../../node_modules/@angular/router/fesm2022/router.mjs",
      "file": "@angular_router.js",
      "fileHash": "f24b0bcb",
      "needsInterop": false
    },
    "highcharts/highcharts": {
      "src": "../../../../../../node_modules/highcharts/highcharts.js",
      "file": "highcharts_highcharts.js",
      "fileHash": "053539b8",
      "needsInterop": true
    },
    "highcharts/highcharts-more": {
      "src": "../../../../../../node_modules/highcharts/highcharts-more.js",
      "file": "highcharts_highcharts-more.js",
      "fileHash": "43a2c1ca",
      "needsInterop": true
    },
    "highcharts/modules/histogram-bellcurve": {
      "src": "../../../../../../node_modules/highcharts/modules/histogram-bellcurve.js",
      "file": "highcharts_modules_histogram-bellcurve.js",
      "fileHash": "26ce6e40",
      "needsInterop": true
    },
    "highcharts/modules/windbarb": {
      "src": "../../../../../../node_modules/highcharts/modules/windbarb.js",
      "file": "highcharts_modules_windbarb.js",
      "fileHash": "b621b1fd",
      "needsInterop": true
    },
    "rxjs": {
      "src": "../../../../../../node_modules/rxjs/dist/cjs/index.js",
      "file": "rxjs.js",
      "fileHash": "b1a82a9c",
      "needsInterop": true
    },
    "rxjs/operators": {
      "src": "../../../../../../node_modules/rxjs/dist/cjs/operators/index.js",
      "file": "rxjs_operators.js",
      "fileHash": "de6a127b",
      "needsInterop": true
    }
  },
  "chunks": {
    "browser-USS7AOSE": {
      "file": "browser-USS7AOSE.js"
    },
    "xhr2-ISERFGGE": {
      "file": "xhr2-ISERFGGE.js"
    },
    "chunk-SXTURQKP": {
      "file": "chunk-SXTURQKP.js"
    },
    "chunk-WHBG7UEB": {
      "file": "chunk-WHBG7UEB.js"
    },
    "chunk-BQHKYAAK": {
      "file": "chunk-BQHKYAAK.js"
    },
    "chunk-T3Q5TF5G": {
      "file": "chunk-T3Q5TF5G.js"
    },
    "chunk-BMIJ7IE4": {
      "file": "chunk-BMIJ7IE4.js"
    },
    "chunk-6U4C3RCZ": {
      "file": "chunk-6U4C3RCZ.js"
    },
    "chunk-DV5FXBKA": {
      "file": "chunk-DV5FXBKA.js"
    },
    "chunk-WG3KBWZJ": {
      "file": "chunk-WG3KBWZJ.js"
    },
    "chunk-5IW5ZEPE": {
      "file": "chunk-5IW5ZEPE.js"
    },
    "chunk-UOPINYA3": {
      "file": "chunk-UOPINYA3.js"
    },
    "chunk-RPWZ4CMX": {
      "file": "chunk-RPWZ4CMX.js"
    },
    "chunk-NQ4HTGF6": {
      "file": "chunk-NQ4HTGF6.js"
    }
  }
}