{
  "hash": "003f89f5",
  "configHash": "b6f59034",
  "lockfileHash": "2411bff7",
  "browserHash": "868578a7",
  "optimized": {
    "@angular/animations": {
      "src": "../../../../../../node_modules/@angular/animations/fesm2022/animations.mjs",
      "file": "@angular_animations.js",
      "fileHash": "9a340705",
      "needsInterop": false
    },
    "@angular/common": {
      "src": "../../../../../../node_modules/@angular/common/fesm2022/common.mjs",
      "file": "@angular_common.js",
      "fileHash": "d4eae3be",
      "needsInterop": false
    },
    "@angular/common/http": {
      "src": "../../../../../../node_modules/@angular/common/fesm2022/http.mjs",
      "file": "@angular_common_http.js",
      "fileHash": "2daa6d5e",
      "needsInterop": false
    },
    "@angular/core": {
      "src": "../../../../../../node_modules/@angular/core/fesm2022/core.mjs",
      "file": "@angular_core.js",
      "fileHash": "97f0e05b",
      "needsInterop": false
    },
    "@angular/forms": {
      "src": "../../../../../../node_modules/@angular/forms/fesm2022/forms.mjs",
      "file": "@angular_forms.js",
      "fileHash": "b0c96aba",
      "needsInterop": false
    },
    "@angular/material/autocomplete": {
      "src": "../../../../../../node_modules/@angular/material/fesm2022/autocomplete.mjs",
      "file": "@angular_material_autocomplete.js",
      "fileHash": "df251f1a",
      "needsInterop": false
    },
    "@angular/material/form-field": {
      "src": "../../../../../../node_modules/@angular/material/fesm2022/form-field.mjs",
      "file": "@angular_material_form-field.js",
      "fileHash": "6727babd",
      "needsInterop": false
    },
    "@angular/platform-browser": {
      "src": "../../../../../../node_modules/@angular/platform-browser/fesm2022/platform-browser.mjs",
      "file": "@angular_platform-browser.js",
      "fileHash": "609a3b44",
      "needsInterop": false
    },
    "@angular/platform-browser/animations/async": {
      "src": "../../../../../../node_modules/@angular/platform-browser/fesm2022/animations/async.mjs",
      "file": "@angular_platform-browser_animations_async.js",
      "fileHash": "21d55472",
      "needsInterop": false
    },
    "@angular/router": {
      "src": "../../../../../../node_modules/@angular/router/fesm2022/router.mjs",
      "file": "@angular_router.js",
      "fileHash": "f470fe95",
      "needsInterop": false
    },
    "highcharts/highcharts": {
      "src": "../../../../../../node_modules/highcharts/highcharts.js",
      "file": "highcharts_highcharts.js",
      "fileHash": "fb2075df",
      "needsInterop": true
    },
    "highcharts/highcharts-more": {
      "src": "../../../../../../node_modules/highcharts/highcharts-more.js",
      "file": "highcharts_highcharts-more.js",
      "fileHash": "f3109572",
      "needsInterop": true
    },
    "highcharts/modules/histogram-bellcurve": {
      "src": "../../../../../../node_modules/highcharts/modules/histogram-bellcurve.js",
      "file": "highcharts_modules_histogram-bellcurve.js",
      "fileHash": "953bf50b",
      "needsInterop": true
    },
    "highcharts/modules/windbarb": {
      "src": "../../../../../../node_modules/highcharts/modules/windbarb.js",
      "file": "highcharts_modules_windbarb.js",
      "fileHash": "9782f464",
      "needsInterop": true
    },
    "rxjs": {
      "src": "../../../../../../node_modules/rxjs/dist/esm5/index.js",
      "file": "rxjs.js",
      "fileHash": "24a97800",
      "needsInterop": false
    },
    "rxjs/operators": {
      "src": "../../../../../../node_modules/rxjs/dist/esm5/operators/index.js",
      "file": "rxjs_operators.js",
      "fileHash": "287004ee",
      "needsInterop": false
    }
  },
  "chunks": {
    "browser-2Q3DD5U7": {
      "file": "browser-2Q3DD5U7.js"
    },
    "chunk-4ACFFSE2": {
      "file": "chunk-4ACFFSE2.js"
    },
    "chunk-PCFD55AO": {
      "file": "chunk-PCFD55AO.js"
    },
    "chunk-BVQFRXNG": {
      "file": "chunk-BVQFRXNG.js"
    },
    "chunk-C5K3SCLN": {
      "file": "chunk-C5K3SCLN.js"
    },
    "chunk-C3NEDJQA": {
      "file": "chunk-C3NEDJQA.js"
    },
    "chunk-TTAMARSV": {
      "file": "chunk-TTAMARSV.js"
    },
    "chunk-M4ZQSH5N": {
      "file": "chunk-M4ZQSH5N.js"
    },
    "chunk-5OPE3T2R": {
      "file": "chunk-5OPE3T2R.js"
    },
    "chunk-4N4GOYJH": {
      "file": "chunk-4N4GOYJH.js"
    },
    "chunk-FHTVLBLO": {
      "file": "chunk-FHTVLBLO.js"
    },
    "chunk-3OV72XIM": {
      "file": "chunk-3OV72XIM.js"
    }
  }
}